{
  "parent": "minecraft:item/generated",
  "textures": {
    "layer0": "minecraft:item/apple"
  },
  "overrides": [
    {
      "predicate": {
        "custom_model_data": 1
      },
      "model": "minecraft:item/pear"
    },
    {
      "predicate": {
        "custom_model_data": 2
      },
      "model": "minecraft:item/orange"
    },
    {
      "predicate": {
        "custom_model_data": 3
      },
      "model": "minecraft:item/green_apple"
    },
    {
      "predicate": {
        "custom_model_data": 4
      },
      "model": "minecraft:item/peppermint_candy_cane"
    },
    {
      "predicate": {
        "custom_model_data": 5
      },
      "model": "minecraft:item/ice_cream_cone"
    },
    {
      "predicate": {
        "custom_model_data": 6
      },
      "model": "minecraft:item/cheese"
    },
    {
      "predicate": {
        "custom_model_data": 7
      },
      "model": "minecraft:item/banana"
    },
    {
      "predicate": {
        "custom_model_data": 8
      },
      "model": "minecraft:item/corn"
    },
    {
      "predicate": {
        "custom_model_data": 9
      },
      "model": "minecraft:item/tomato"
    },
	{
      "predicate": {
        "custom_model_data": 10
      },
      "model": "minecraft:item/broc"
    },
	{
      "predicate": {
        "custom_model_data": 11
      },
      "model": "minecraft:item/avo"
    },
	{
      "predicate": {
        "custom_model_data": 12
      },
      "model": "minecraft:item/waffle"
    },
	{
      "predicate": {
        "custom_model_data": 13
      },
      "model": "minecraft:item/strawberry"
    },
	{
      "predicate": {
        "custom_model_data": 14
      },
      "model": "minecraft:item/pineapple"
    },
	{
      "predicate": {
        "custom_model_data": 15
      },
      "model": "minecraft:item/gingerbread"
    },
	{
      "predicate": {
        "custom_model_data": 16
      },
      "model": "minecraft:item/marshmallow_stick"
    },
	{
      "predicate": {
        "custom_model_data": 17
      },
	  "model": "minecraft:item/bagel"
    },
	{
      "predicate": {
        "custom_model_data": 18
      },
      "model": "minecraft:item/cabbage"
    },
	{
      "predicate": {
        "custom_model_data": 19
      },
      "model": "minecraft:item/lettuce"
    }
  ]
}
