{
  "parent": "minecraft:item/generated",
  "textures": {
    "layer0": "minecraft:item/baked_potato"
  },
  "overrides": [
    {
      "predicate": {
        "custom_model_data": 1
      },
      "model": "minecraft:item/idk"
    },
	{
      "predicate": {
        "custom_model_data": 2
      },
      "model": "minecraft:item/afka"
    },
	{
      "predicate": {
        "custom_model_data": 3
      },
      "model": "minecraft:item/idky"
    },
	{
      "predicate": {
        "custom_model_data": 4
      },
      "model": "minecraft:item/meatloaf"
    },
    {
      "predicate": {
        "custom_model_data": 5
      },
      "model": "minecraft:item/mashedpotato"
    }
  ]
}
