{
  "parent": "minecraft:item/generated",
  "textures": {
    "layer0": "minecraft:item/pufferfish"
  },
  "overrides": [
    {
      "predicate": {
        "custom_model_data": 1
      },
      "model": "minecraft:item/1squid"
    },
    {
      "predicate": {
        "custom_model_data": 2
      },
      "model": "minecraft:item/1glow_squid"
    },
    {
      "predicate": {
        "custom_model_data": 3
      },
      "model": "minecraft:item/1frog"
    },
    {
      "predicate": {
        "custom_model_data": 4
      },
      "model": "minecraft:item/angler_fish"
    },
    {
      "predicate": {
        "custom_model_data": 5
      },
      "model": "minecraft:item/electric_eel"
    }
  ]
}
