{
	"credit": "Made with Blockbench",
	"texture_size": [64, 64],
	"textures": {
		"2": "block/custom/couch1",
		"particle": "block/custom/gltf_embedded_1"
	},
	"elements": [
		{
			"from": [1.5, 3, 1],
			"to": [14, 5, 15],
			"faces": {
				"north": {"uv": [0, 9, 3.75, 9.5], "texture": "#2"},
				"east": {"uv": [7.5, 9, 11, 9.5], "texture": "#2"},
				"south": {"uv": [3.75, 9, 7.5, 9.5], "texture": "#2"},
				"west": {"uv": [0, 9.5, 3.5, 10], "texture": "#2"},
				"up": {"uv": [3.75, 3.5, 0, 0], "texture": "#2"},
				"down": {"uv": [3.75, 3.5, 0, 7], "texture": "#2"}
			}
		},
		{
			"from": [14, 3, 1],
			"to": [27, 5, 15],
			"faces": {
				"north": {"uv": [0, 9, 3.75, 9.5], "texture": "#2"},
				"east": {"uv": [7.5, 9, 11, 9.5], "texture": "#2"},
				"south": {"uv": [3.75, 9, 7.5, 9.5], "texture": "#2"},
				"west": {"uv": [0, 9.5, 3.5, 10], "texture": "#2"},
				"up": {"uv": [3.75, 3.5, 0, 0], "texture": "#2"},
				"down": {"uv": [3.75, 3.5, 0, 7], "texture": "#2"}
			}
		},
		{
			"from": [1.5, 5, 13],
			"to": [14, 18, 15],
			"faces": {
				"north": {"uv": [3.75, 0, 7.5, 3], "texture": "#2"},
				"east": {"uv": [3.5, 9.5, 4, 12.5], "texture": "#2"},
				"south": {"uv": [3.75, 3, 7.5, 6], "texture": "#2"},
				"west": {"uv": [4, 9.5, 4.5, 12.5], "texture": "#2"},
				"up": {"uv": [11.25, 5.5, 7.5, 5], "texture": "#2"},
				"down": {"uv": [11.25, 5.5, 7.5, 6], "texture": "#2"}
			}
		},
		{
			"from": [14, 5, 13],
			"to": [27, 18, 15],
			"faces": {
				"north": {"uv": [3.75, 0, 7.5, 3], "texture": "#2"},
				"east": {"uv": [3.5, 9.5, 4, 12.5], "texture": "#2"},
				"south": {"uv": [3.75, 3, 7.5, 6], "texture": "#2"},
				"west": {"uv": [4, 9.5, 4.5, 12.5], "texture": "#2"},
				"up": {"uv": [11.25, 5.5, 7.5, 5], "texture": "#2"},
				"down": {"uv": [11.25, 5.5, 7.5, 6], "texture": "#2"}
			}
		},
		{
			"from": [1.5, 5, 1],
			"to": [3.5, 12, 13],
			"faces": {
				"north": {"uv": [0.5, 10, 1, 11.5], "texture": "#2"},
				"east": {"uv": [7.5, 2, 10.5, 3.5], "texture": "#2"},
				"south": {"uv": [1, 10, 1.5, 11.5], "texture": "#2"},
				"west": {"uv": [7.5, 3.5, 10.5, 5], "texture": "#2"},
				"up": {"uv": [5, 12.5, 4.5, 9.5], "texture": "#2"},
				"down": {"uv": [5.5, 9.5, 5, 12.5], "texture": "#2"}
			}
		},
		{
			"from": [25, 5, 1],
			"to": [27, 12, 13],
			"faces": {
				"north": {"uv": [0.5, 10, 1, 11.5], "texture": "#2"},
				"east": {"uv": [7.5, 2, 10.5, 3.5], "texture": "#2"},
				"south": {"uv": [1, 10, 1.5, 11.5], "texture": "#2"},
				"west": {"uv": [7.5, 3.5, 10.5, 5], "texture": "#2"},
				"up": {"uv": [5, 12.5, 4.5, 9.5], "texture": "#2"},
				"down": {"uv": [5.5, 9.5, 5, 12.5], "texture": "#2"}
			}
		},
		{
			"from": [4.5, 5, 2],
			"to": [14.5, 7, 12.5],
			"faces": {
				"north": {"uv": [5.5, 9.5, 8.5, 10], "texture": "#2"},
				"east": {"uv": [8.5, 9.5, 11.5, 10], "texture": "#2"},
				"south": {"uv": [9.75, 6, 12.75, 6.5], "texture": "#2"},
				"west": {"uv": [9.75, 6.5, 12.75, 7], "texture": "#2"},
				"up": {"uv": [6.75, 9, 3.75, 6], "texture": "#2"},
				"down": {"uv": [9.75, 6, 6.75, 9], "texture": "#2"}
			}
		},
		{
			"from": [14.5, 5, 2],
			"to": [24.5, 7, 12.5],
			"faces": {
				"north": {"uv": [5.5, 9.5, 8.5, 10], "texture": "#2"},
				"east": {"uv": [8.5, 9.5, 11.5, 10], "texture": "#2"},
				"south": {"uv": [9.75, 6, 12.75, 6.5], "texture": "#2"},
				"west": {"uv": [9.75, 6.5, 12.75, 7], "texture": "#2"},
				"up": {"uv": [6.75, 9, 3.75, 6], "texture": "#2"},
				"down": {"uv": [9.75, 6, 6.75, 9], "texture": "#2"}
			}
		},
		{
			"from": [4.5, 7.5, 11],
			"to": [14.5, 16.5, 13],
			"faces": {
				"north": {"uv": [0, 7, 3, 9], "texture": "#2"},
				"east": {"uv": [3, 7, 3.5, 9], "texture": "#2"},
				"south": {"uv": [7.5, 0, 10.5, 2], "texture": "#2"},
				"west": {"uv": [0, 10, 0.5, 12], "texture": "#2"},
				"up": {"uv": [12.75, 7.5, 9.75, 7], "texture": "#2"},
				"down": {"uv": [12.75, 7.5, 9.75, 8], "texture": "#2"}
			}
		},
		{
			"from": [14.5, 7.5, 11],
			"to": [24.5, 16.5, 13],
			"faces": {
				"north": {"uv": [0, 7, 3, 9], "texture": "#2"},
				"east": {"uv": [3, 7, 3.5, 9], "texture": "#2"},
				"south": {"uv": [7.5, 0, 10.5, 2], "texture": "#2"},
				"west": {"uv": [0, 10, 0.5, 12], "texture": "#2"},
				"up": {"uv": [12.75, 7.5, 9.75, 7], "texture": "#2"},
				"down": {"uv": [12.75, 7.5, 9.75, 8], "texture": "#2"}
			}
		}
	],
	"display": {
		"thirdperson_righthand": {
			"scale": [0.5, 0.5, 0.5]
		},
		"thirdperson_lefthand": {
			"scale": [0.5, 0.5, 0.5]
		},
		"firstperson_righthand": {
			"scale": [0.5, 0.5, 0.5]
		},
		"firstperson_lefthand": {
			"scale": [0.5, 0.5, 0.5]
		},
		"ground": {
			"scale": [0.5, 0.5, 0.5]
		},
		"gui": {
			"rotation": [0, -180, 0],
			"scale": [0.9, 0.9, 0.9]
		},
		"fixed": {
			"rotation": [-90, 0, 0],
			"translation": [-2.75, -4.75, 10.03],
			"scale": [3, 3, 3]
		}
	}
}