{
	"credit": "Made with Blockbench",
	"texture_size": [64, 64],
	"textures": {
		"0": "block/custom/trash-can",
		"particle": "block/custom/trash-can"
	},
	"elements": [
		{
			"from": [3, 11, 3],
			"to": [13, 13, 13],
			"faces": {
				"north": {"uv": [4, 5.5, 6.5, 6], "texture": "#0"},
				"east": {"uv": [4, 6, 6.5, 6.5], "texture": "#0"},
				"south": {"uv": [6.5, 0, 9, 0.5], "texture": "#0"},
				"west": {"uv": [6.5, 0.5, 9, 1], "texture": "#0"},
				"up": {"uv": [2.5, 2.5, 0, 0], "texture": "#0"},
				"down": {"uv": [2.5, 2.5, 0, 5], "texture": "#0"}
			}
		},
		{
			"from": [4, 0, 4],
			"to": [12, 11, 12],
			"faces": {
				"north": {"uv": [2.5, 0, 4.5, 2.75], "texture": "#0"},
				"east": {"uv": [2.5, 2.75, 4.5, 5.5], "texture": "#0"},
				"south": {"uv": [4.5, 0, 6.5, 2.75], "texture": "#0"},
				"west": {"uv": [4.5, 2.75, 6.5, 5.5], "texture": "#0"},
				"up": {"uv": [2, 7, 0, 5], "texture": "#0"},
				"down": {"uv": [4, 5.5, 2, 7.5], "texture": "#0"}
			}
		},
		{
			"from": [6, 13, 7],
			"to": [7, 15, 9],
			"faces": {
				"north": {"uv": [6.5, 3.5, 6.75, 4], "texture": "#0"},
				"east": {"uv": [2, 5, 2.5, 5.5], "texture": "#0"},
				"south": {"uv": [4, 6.5, 4.25, 7], "texture": "#0"},
				"west": {"uv": [6.5, 1, 7, 1.5], "texture": "#0"},
				"up": {"uv": [6.75, 4.5, 6.5, 4], "texture": "#0"},
				"down": {"uv": [4.5, 6.5, 4.25, 7], "texture": "#0"}
			}
		},
		{
			"from": [9, 13, 7],
			"to": [10, 15, 9],
			"faces": {
				"north": {"uv": [4.5, 6.5, 4.75, 7], "texture": "#0"},
				"east": {"uv": [6.5, 1.5, 7, 2], "texture": "#0"},
				"south": {"uv": [6.5, 4.5, 6.75, 5], "texture": "#0"},
				"west": {"uv": [6.5, 2, 7, 2.5], "texture": "#0"},
				"up": {"uv": [5, 7, 4.75, 6.5], "texture": "#0"},
				"down": {"uv": [5.25, 6.5, 5, 7], "texture": "#0"}
			}
		},
		{
			"from": [7, 14, 7],
			"to": [9, 15, 9],
			"faces": {
				"north": {"uv": [6.5, 5, 7, 5.25], "texture": "#0"},
				"east": {"uv": [5.25, 6.5, 5.75, 6.75], "texture": "#0"},
				"south": {"uv": [6.5, 5.25, 7, 5.5], "texture": "#0"},
				"west": {"uv": [6.5, 5.5, 7, 5.75], "texture": "#0"},
				"up": {"uv": [7, 3, 6.5, 2.5], "texture": "#0"},
				"down": {"uv": [7, 3, 6.5, 3.5], "texture": "#0"}
			}
		}
	],
	"display": {
		"thirdperson_righthand": {
			"scale": [0.5, 0.5, 0.5]
		},
		"thirdperson_lefthand": {
			"scale": [0.5, 0.5, 0.5]
		},
		"ground": {
			"scale": [0.5, 0.5, 0.5]
		},
		"head": {
			"translation": [0, 2.75, 0],
			"scale": [1.7, 1.2, 1.7]
		},
		"fixed": {
			"rotation": [-90, 0, 0],
			"translation": [0, 0, 9.35],
			"scale": [3.1, 3.1, 3.1]
		}
	}
}