{
	"credit": "Made with Blockbench",
	"texture_size": [64, 64],
	"textures": {
		"1": "block/custom/TV",
		"particle": "block/custom/stripped_spruce_log"
	},
	"elements": [
		{
			"from": [0, 3, 4],
			"to": [16, 13, 12],
			"faces": {
				"north": {"uv": [0, 0, 4, 2.5], "texture": "#1"},
				"east": {"uv": [3, 6, 5, 8.5], "texture": "#1"},
				"south": {"uv": [0, 2.5, 4, 5], "texture": "#1"},
				"west": {"uv": [5, 6, 7, 8.5], "texture": "#1"},
				"up": {"uv": [8, 2, 4, 0], "texture": "#1"},
				"down": {"uv": [8, 2, 4, 4], "texture": "#1"}
			}
		},
		{
			"from": [4.2, 3, 3],
			"to": [16, 4, 4],
			"faces": {
				"north": {"uv": [7.5, 5, 10.5, 5.25], "texture": "#1"},
				"east": {"uv": [8.25, 7.5, 8.5, 7.75], "texture": "#1"},
				"south": {"uv": [7.5, 5.25, 10.5, 5.5], "texture": "#1"},
				"west": {"uv": [8.75, 1.5, 9, 1.75], "texture": "#1"},
				"up": {"uv": [10.5, 5.75, 7.5, 5.5], "texture": "#1"},
				"down": {"uv": [10.5, 5.75, 7.5, 6], "texture": "#1"}
			}
		},
		{
			"from": [4.2, 12, 3],
			"to": [16, 13, 4],
			"faces": {
				"north": {"uv": [7.5, 6, 10.5, 6.25], "texture": "#1"},
				"east": {"uv": [8.75, 8.75, 9, 9], "texture": "#1"},
				"south": {"uv": [7.5, 6.25, 10.5, 6.5], "texture": "#1"},
				"west": {"uv": [9, 0, 9.25, 0.25], "texture": "#1"},
				"up": {"uv": [10.5, 6.75, 7.5, 6.5], "texture": "#1"},
				"down": {"uv": [10.5, 6.75, 7.5, 7], "texture": "#1"}
			}
		},
		{
			"from": [4.2, 4, 3],
			"to": [5.2, 12, 4],
			"faces": {
				"north": {"uv": [8, 0.5, 8.25, 2.5], "texture": "#1"},
				"east": {"uv": [8.25, 0.5, 8.5, 2.5], "texture": "#1"},
				"south": {"uv": [7.5, 8.25, 7.75, 10.25], "texture": "#1"},
				"west": {"uv": [7.75, 8.25, 8, 10.25], "texture": "#1"},
				"up": {"uv": [9, 2, 8.75, 1.75], "texture": "#1"},
				"down": {"uv": [9, 2, 8.75, 2.25], "texture": "#1"}
			}
		},
		{
			"from": [4, 0, 5],
			"to": [5, 4, 6],
			"rotation": {"angle": -22.5, "axis": "z", "origin": [4.5, 1.5, 6.5]},
			"faces": {
				"north": {"uv": [3.75, 5, 4, 6], "texture": "#1"},
				"east": {"uv": [8, 2.5, 8.25, 3.5], "texture": "#1"},
				"south": {"uv": [8.25, 2.5, 8.5, 3.5], "texture": "#1"},
				"west": {"uv": [8.5, 2.5, 8.75, 3.5], "texture": "#1"},
				"up": {"uv": [9, 2.5, 8.75, 2.25], "texture": "#1"},
				"down": {"uv": [9, 2.5, 8.75, 2.75], "texture": "#1"}
			}
		},
		{
			"from": [4, 0, 10],
			"to": [5, 4, 11],
			"rotation": {"angle": -22.5, "axis": "z", "origin": [4.5, 1.5, 6.5]},
			"faces": {
				"north": {"uv": [3.25, 8.5, 3.5, 9.5], "texture": "#1"},
				"east": {"uv": [3.5, 8.5, 3.75, 9.5], "texture": "#1"},
				"south": {"uv": [3.75, 8.5, 4, 9.5], "texture": "#1"},
				"west": {"uv": [4, 8.5, 4.25, 9.5], "texture": "#1"},
				"up": {"uv": [9, 3, 8.75, 2.75], "texture": "#1"},
				"down": {"uv": [9, 3, 8.75, 3.25], "texture": "#1"}
			}
		},
		{
			"from": [11, 0, 10],
			"to": [12, 4, 11],
			"rotation": {"angle": 22.5, "axis": "z", "origin": [11.5, 2, 10.5]},
			"faces": {
				"north": {"uv": [4.25, 8.5, 4.5, 9.5], "texture": "#1"},
				"east": {"uv": [4.5, 8.5, 4.75, 9.5], "texture": "#1"},
				"south": {"uv": [4.75, 8.5, 5, 9.5], "texture": "#1"},
				"west": {"uv": [5, 8.5, 5.25, 9.5], "texture": "#1"},
				"up": {"uv": [9, 3.5, 8.75, 3.25], "texture": "#1"},
				"down": {"uv": [9, 7, 8.75, 7.25], "texture": "#1"}
			}
		},
		{
			"from": [11, 0, 5],
			"to": [12, 4, 6],
			"rotation": {"angle": 22.5, "axis": "z", "origin": [11.5, 2, 10.5]},
			"faces": {
				"north": {"uv": [5.25, 8.5, 5.5, 9.5], "texture": "#1"},
				"east": {"uv": [5.5, 8.5, 5.75, 9.5], "texture": "#1"},
				"south": {"uv": [5.75, 8.5, 6, 9.5], "texture": "#1"},
				"west": {"uv": [6, 8.5, 6.25, 9.5], "texture": "#1"},
				"up": {"uv": [9, 7.5, 8.75, 7.25], "texture": "#1"},
				"down": {"uv": [9, 7.5, 8.75, 7.75], "texture": "#1"}
			}
		},
		{
			"from": [15, 4, 3],
			"to": [16, 12, 4],
			"faces": {
				"north": {"uv": [8, 8.25, 8.25, 10.25], "texture": "#1"},
				"east": {"uv": [8.25, 8.25, 8.5, 10.25], "texture": "#1"},
				"south": {"uv": [8.5, 0.5, 8.75, 2.5], "texture": "#1"},
				"west": {"uv": [3, 8.5, 3.25, 10.5], "texture": "#1"},
				"up": {"uv": [9, 8, 8.75, 7.75], "texture": "#1"},
				"down": {"uv": [8.75, 8.75, 8.5, 9], "texture": "#1"}
			}
		},
		{
			"from": [0, 3, 2.5],
			"to": [4, 13, 4],
			"faces": {
				"north": {"uv": [0, 7, 1, 9.5], "texture": "#1"},
				"east": {"uv": [2, 7, 2.5, 9.5], "texture": "#1"},
				"south": {"uv": [1, 7, 2, 9.5], "texture": "#1"},
				"west": {"uv": [2.5, 7, 3, 9.5], "texture": "#1"},
				"up": {"uv": [8.5, 8.25, 7.5, 7.75], "texture": "#1"},
				"down": {"uv": [9, 0, 8, 0.5], "texture": "#1"}
			}
		},
		{
			"from": [2, 13, 7],
			"to": [5, 14, 10],
			"faces": {
				"north": {"uv": [3, 5.75, 3.75, 6], "texture": "#1"},
				"east": {"uv": [8.5, 8, 9.25, 8.25], "texture": "#1"},
				"south": {"uv": [8.5, 8.25, 9.25, 8.5], "texture": "#1"},
				"west": {"uv": [8.5, 8.5, 9.25, 8.75], "texture": "#1"},
				"up": {"uv": [3.75, 5.75, 3, 5], "texture": "#1"},
				"down": {"uv": [8.25, 7, 7.5, 7.75], "texture": "#1"}
			}
		},
		{
			"from": [1.5, 14, 8.5],
			"to": [2.5, 18, 8.5],
			"rotation": {"angle": 22.5, "axis": "z", "origin": [3.5, 16, 9]},
			"faces": {
				"north": {"uv": [6.25, 8.5, 6.5, 9.5], "texture": "#1"},
				"east": {"uv": [0, 0, 0, 1], "texture": "#1"},
				"south": {"uv": [6.5, 8.5, 6.75, 9.5], "texture": "#1"},
				"west": {"uv": [0, 0, 0, 1], "texture": "#1"},
				"up": {"uv": [0.25, 0, 0, 0], "texture": "#1"},
				"down": {"uv": [0.25, 0, 0, 0], "texture": "#1"}
			}
		},
		{
			"from": [4.5, 12, 8.5],
			"to": [5.5, 16, 8.5],
			"rotation": {"angle": -22.5, "axis": "z", "origin": [7.5, 16, 9]},
			"faces": {
				"north": {"uv": [6.75, 8.5, 7, 9.5], "texture": "#1"},
				"east": {"uv": [0, 0, 0, 1], "texture": "#1"},
				"south": {"uv": [8.5, 7, 8.75, 8], "texture": "#1"},
				"west": {"uv": [0, 0, 0, 1], "texture": "#1"},
				"up": {"uv": [0.25, 0, 0, 0], "texture": "#1"},
				"down": {"uv": [0.25, 0, 0, 0], "texture": "#1"}
			}
		},
		{
			"from": [1, 10, 2],
			"to": [3, 12, 3],
			"rotation": {"angle": 45, "axis": "z", "origin": [2, 11, 2.5]},
			"faces": {
				"north": {"uv": [8, 3.5, 8.5, 4], "texture": "#1"},
				"east": {"uv": [8.25, 7, 8.5, 7.5], "texture": "#1"},
				"south": {"uv": [8.5, 3.5, 9, 4], "texture": "#1"},
				"west": {"uv": [8.75, 0.5, 9, 1], "texture": "#1"},
				"up": {"uv": [9.25, 1.25, 8.75, 1], "texture": "#1"},
				"down": {"uv": [9.25, 1.25, 8.75, 1.5], "texture": "#1"}
			}
		},
		{
			"from": [0, 8, 2],
			"to": [1, 9, 2.5],
			"faces": {
				"north": {"uv": [9, 0.25, 9.25, 0.5], "texture": "#1"},
				"east": {"uv": [9, 0.5, 9.25, 0.75], "texture": "#1"},
				"south": {"uv": [9, 0.75, 9.25, 1], "texture": "#1"},
				"west": {"uv": [9, 1.5, 9.25, 1.75], "texture": "#1"},
				"up": {"uv": [9.25, 2, 9, 1.75], "texture": "#1"},
				"down": {"uv": [9.25, 2, 9, 2.25], "texture": "#1"}
			}
		},
		{
			"from": [3, 8, 2],
			"to": [4, 9, 2.5],
			"faces": {
				"north": {"uv": [9, 2.25, 9.25, 2.5], "texture": "#1"},
				"east": {"uv": [9, 2.5, 9.25, 2.75], "texture": "#1"},
				"south": {"uv": [9, 2.75, 9.25, 3], "texture": "#1"},
				"west": {"uv": [9, 3, 9.25, 3.25], "texture": "#1"},
				"up": {"uv": [9.25, 3.5, 9, 3.25], "texture": "#1"},
				"down": {"uv": [9.25, 3.5, 9, 3.75], "texture": "#1"}
			}
		},
		{
			"from": [1.5, 8, 2],
			"to": [2.5, 9, 2.5],
			"faces": {
				"north": {"uv": [9, 3.75, 9.25, 4], "texture": "#1"},
				"east": {"uv": [7, 9, 7.25, 9.25], "texture": "#1"},
				"south": {"uv": [9, 7, 9.25, 7.25], "texture": "#1"},
				"west": {"uv": [7.25, 9, 7.5, 9.25], "texture": "#1"},
				"up": {"uv": [9.25, 7.5, 9, 7.25], "texture": "#1"},
				"down": {"uv": [9.25, 7.5, 9, 7.75], "texture": "#1"}
			}
		},
		{
			"from": [3, 4, 12],
			"to": [15, 12, 14],
			"faces": {
				"north": {"uv": [4, 4, 7, 6], "texture": "#1"},
				"east": {"uv": [7, 5, 7.5, 7], "texture": "#1"},
				"south": {"uv": [0, 5, 3, 7], "texture": "#1"},
				"west": {"uv": [7, 7, 7.5, 9], "texture": "#1"},
				"up": {"uv": [10, 4.5, 7, 4], "texture": "#1"},
				"down": {"uv": [10, 4.5, 7, 5], "texture": "#1"}
			}
		}
	],
	"display": {
		"thirdperson_righthand": {
			"scale": [0.5, 0.5, 0.5]
		},
		"thirdperson_lefthand": {
			"scale": [0.5, 0.5, 0.5]
		},
		"firstperson_righthand": {
			"scale": [0.5, 0.5, 0.5]
		},
		"firstperson_lefthand": {
			"scale": [0.5, 0.5, 0.5]
		},
		"ground": {
			"scale": [0.5, 0.5, 0.5]
		},
		"gui": {
			"rotation": [0, 180, 0],
			"scale": [0.7, 0.7, 0.7]
		},
		"head": {
			"translation": [0, 0, -0.25],
			"scale": [1.3, 1.6, 1.6]
		},
		"fixed": {
			"rotation": [-90, 0, 0],
			"translation": [0, 0, 17.9],
			"scale": [2, 2, 2]
		}
	}
}