{
  "model": {
    "type": "minecraft:select",
    "property": "minecraft:custom_model_data",
    "cases": [
      {
        "when": "1",
        "model": {
          "type": "minecraft:model",
          "model": "arisecity:item/ramen"
        }
      },
      {
        "when": "2",
        "model": {
          "type": "minecraft:model",
          "model": "arisecity:item/ricebeans"
        }
      }
    ],
    "fallback": {
      "type": "minecraft:model",
      "model": "minecraft:item/rabbit_stew"
    }
  }
}