{
	"credit": "Made with Blockbench",
	"texture_size": [64, 64],
	"textures": {
		"2": "block/custom/gladhel",
		"particle": "block/custom/gold_block"
	},
	"elements": [
		{
			"from": [3, 0, 3],
			"to": [4, 9, 13],
			"faces": {
				"north": {"uv": [4.5, 6.75, 4.75, 9], "texture": "#2"},
				"east": {"uv": [0, 0, 2.5, 2.25], "texture": "#2"},
				"south": {"uv": [4.75, 6.75, 5, 9], "texture": "#2"},
				"west": {"uv": [0, 2.25, 2.5, 4.5], "texture": "#2"},
				"up": {"uv": [3.75, 9.25, 3.5, 6.75], "texture": "#2"},
				"down": {"uv": [4, 6.75, 3.75, 9.25], "texture": "#2"}
			}
		},
		{
			"from": [4, 0, 12],
			"to": [13, 9, 13],
			"faces": {
				"north": {"uv": [2.5, 0, 4.75, 2.25], "texture": "#2"},
				"east": {"uv": [5, 6.75, 5.25, 9], "texture": "#2"},
				"south": {"uv": [2.5, 2.25, 4.75, 4.5], "texture": "#2"},
				"west": {"uv": [5.25, 6.75, 5.5, 9], "texture": "#2"},
				"up": {"uv": [9, 2.25, 6.75, 2], "texture": "#2"},
				"down": {"uv": [9.25, 2.25, 7, 2.5], "texture": "#2"}
			}
		},
		{
			"from": [12, 0, 3],
			"to": [13, 9, 12],
			"faces": {
				"north": {"uv": [5.5, 6.75, 5.75, 9], "texture": "#2"},
				"east": {"uv": [0, 4.5, 2.25, 6.75], "texture": "#2"},
				"south": {"uv": [5.75, 6.75, 6, 9], "texture": "#2"},
				"west": {"uv": [2.25, 4.5, 4.5, 6.75], "texture": "#2"},
				"up": {"uv": [6.25, 9, 6, 6.75], "texture": "#2"},
				"down": {"uv": [6.5, 6.75, 6.25, 9], "texture": "#2"}
			}
		},
		{
			"from": [4, 8, 3],
			"to": [12, 9, 12],
			"faces": {
				"north": {"uv": [7, 3, 9, 3.25], "texture": "#2"},
				"east": {"uv": [7, 2.5, 9.25, 2.75], "texture": "#2"},
				"south": {"uv": [7, 3.25, 9, 3.5], "texture": "#2"},
				"west": {"uv": [7, 2.75, 9.25, 3], "texture": "#2"},
				"up": {"uv": [6.5, 6.75, 4.5, 4.5], "texture": "#2"},
				"down": {"uv": [6.75, 0, 4.75, 2.25], "texture": "#2"}
			}
		},
		{
			"from": [4, 6, 3],
			"to": [12, 8, 4],
			"faces": {
				"north": {"uv": [0, 6.75, 2, 7.25], "texture": "#2"},
				"east": {"uv": [1.5, 7.25, 1.75, 7.75], "texture": "#2"},
				"south": {"uv": [6.75, 0, 8.75, 0.5], "texture": "#2"},
				"west": {"uv": [7.25, 1.5, 7.5, 2], "texture": "#2"},
				"up": {"uv": [9, 3.75, 7, 3.5], "texture": "#2"},
				"down": {"uv": [9, 3.75, 7, 4], "texture": "#2"}
			}
		},
		{
			"from": [4, 0, 3],
			"to": [6, 2, 4],
			"faces": {
				"north": {"uv": [7, 4, 7.5, 4.5], "texture": "#2"},
				"east": {"uv": [1.75, 7.25, 2, 7.75], "texture": "#2"},
				"south": {"uv": [7, 4.5, 7.5, 5], "texture": "#2"},
				"west": {"uv": [7.5, 1.5, 7.75, 2], "texture": "#2"},
				"up": {"uv": [5.25, 4.5, 4.75, 4.25], "texture": "#2"},
				"down": {"uv": [5.75, 4.25, 5.25, 4.5], "texture": "#2"}
			}
		},
		{
			"from": [10, 0, 3],
			"to": [12, 2, 4],
			"faces": {
				"north": {"uv": [7, 5, 7.5, 5.5], "texture": "#2"},
				"east": {"uv": [7.5, 4, 7.75, 4.5], "texture": "#2"},
				"south": {"uv": [7, 5.5, 7.5, 6], "texture": "#2"},
				"west": {"uv": [7.5, 4.5, 7.75, 5], "texture": "#2"},
				"up": {"uv": [8, 5.25, 7.5, 5], "texture": "#2"},
				"down": {"uv": [8, 5.25, 7.5, 5.5], "texture": "#2"}
			}
		},
		{
			"from": [7, 4, 3],
			"to": [9, 6, 4],
			"faces": {
				"north": {"uv": [7, 6, 7.5, 6.5], "texture": "#2"},
				"east": {"uv": [7.5, 5.5, 7.75, 6], "texture": "#2"},
				"south": {"uv": [7, 6.5, 7.5, 7], "texture": "#2"},
				"west": {"uv": [7.5, 6, 7.75, 6.5], "texture": "#2"},
				"up": {"uv": [8, 6.75, 7.5, 6.5], "texture": "#2"},
				"down": {"uv": [8, 6.75, 7.5, 7], "texture": "#2"}
			}
		},
		{
			"from": [7, 9, 5],
			"to": [9, 11, 14],
			"faces": {
				"north": {"uv": [7, 7, 7.5, 7.5], "texture": "#2"},
				"east": {"uv": [4.75, 2.25, 7, 2.75], "texture": "#2"},
				"south": {"uv": [0, 7.25, 0.5, 7.75], "texture": "#2"},
				"west": {"uv": [4.75, 2.75, 7, 3.25], "texture": "#2"},
				"up": {"uv": [7, 5.5, 6.5, 3.25], "texture": "#2"},
				"down": {"uv": [7, 5.5, 6.5, 7.75], "texture": "#2"}
			}
		},
		{
			"from": [7, 3, 13],
			"to": [9, 9, 15],
			"faces": {
				"north": {"uv": [6.75, 0.5, 7.25, 2], "texture": "#2"},
				"east": {"uv": [2, 6.75, 2.5, 8.25], "texture": "#2"},
				"south": {"uv": [2.5, 6.75, 3, 8.25], "texture": "#2"},
				"west": {"uv": [3, 6.75, 3.5, 8.25], "texture": "#2"},
				"up": {"uv": [1, 7.75, 0.5, 7.25], "texture": "#2"},
				"down": {"uv": [7.75, 0.5, 7.25, 1], "texture": "#2"}
			}
		},
		{
			"from": [7, 2, 13],
			"to": [9, 3, 14],
			"faces": {
				"north": {"uv": [7, 7.5, 7.5, 7.75], "texture": "#2"},
				"east": {"uv": [5.75, 4.25, 6, 4.5], "texture": "#2"},
				"south": {"uv": [7.5, 7, 8, 7.25], "texture": "#2"},
				"west": {"uv": [7.75, 4.5, 8, 4.75], "texture": "#2"},
				"up": {"uv": [8, 7.5, 7.5, 7.25], "texture": "#2"},
				"down": {"uv": [8, 7.5, 7.5, 7.75], "texture": "#2"}
			}
		},
		{
			"from": [7, 9, 14],
			"to": [9, 10, 15],
			"faces": {
				"north": {"uv": [0, 7.75, 0.5, 8], "texture": "#2"},
				"east": {"uv": [7.75, 4.75, 8, 5], "texture": "#2"},
				"south": {"uv": [0.5, 7.75, 1, 8], "texture": "#2"},
				"west": {"uv": [7.75, 5.5, 8, 5.75], "texture": "#2"},
				"up": {"uv": [8.25, 0.75, 7.75, 0.5], "texture": "#2"},
				"down": {"uv": [8.25, 0.75, 7.75, 1], "texture": "#2"}
			}
		},
		{
			"from": [7, 11, 6],
			"to": [9, 12, 7],
			"faces": {
				"north": {"uv": [1, 7.75, 1.5, 8], "texture": "#2"},
				"east": {"uv": [7.75, 5.75, 8, 6], "texture": "#2"},
				"south": {"uv": [7.75, 1, 8.25, 1.25], "texture": "#2"},
				"west": {"uv": [7.75, 6, 8, 6.25], "texture": "#2"},
				"up": {"uv": [8.25, 1.5, 7.75, 1.25], "texture": "#2"},
				"down": {"uv": [2, 7.75, 1.5, 8], "texture": "#2"}
			}
		},
		{
			"from": [7, 11, 12],
			"to": [9, 12, 13],
			"faces": {
				"north": {"uv": [7.75, 1.5, 8.25, 1.75], "texture": "#2"},
				"east": {"uv": [7.75, 6.25, 8, 6.5], "texture": "#2"},
				"south": {"uv": [7.75, 1.75, 8.25, 2], "texture": "#2"},
				"west": {"uv": [6.5, 7.75, 6.75, 8], "texture": "#2"},
				"up": {"uv": [8.25, 4.25, 7.75, 4], "texture": "#2"},
				"down": {"uv": [8.25, 4.25, 7.75, 4.5], "texture": "#2"}
			}
		},
		{
			"from": [7, 11, 7],
			"to": [9, 13, 12],
			"faces": {
				"north": {"uv": [1, 7.25, 1.5, 7.75], "texture": "#2"},
				"east": {"uv": [4.75, 3.25, 6, 3.75], "texture": "#2"},
				"south": {"uv": [7.25, 1, 7.75, 1.5], "texture": "#2"},
				"west": {"uv": [4.75, 3.75, 6, 4.25], "texture": "#2"},
				"up": {"uv": [6.5, 4.5, 6, 3.25], "texture": "#2"},
				"down": {"uv": [4.5, 6.75, 4, 8], "texture": "#2"}
			}
		}
	],
	"display": {
		"thirdperson_righthand": {
			"scale": [0.5, 0.5, 0.5]
		},
		"thirdperson_lefthand": {
			"scale": [0.5, 0.5, 0.5]
		},
		"firstperson_righthand": {
			"scale": [0.5, 0.5, 0.5]
		},
		"firstperson_lefthand": {
			"scale": [0.5, 0.5, 0.5]
		},
		"ground": {
			"scale": [0.5, 0.5, 0.5]
		},
		"gui": {
			"rotation": [0, 137, 0],
			"translation": [0, 1.75, 0]
		},
		"head": {
			"translation": [0, 6.25, 0],
			"scale": [1.6, 1.6, 1.6]
		},
		"fixed": {
			"rotation": [-90, 0, 0],
			"translation": [0, 0, -14],
			"scale": [2, 2, 2]
		}
	}
}