{
	"credit": "Made with Blockbench",
	"texture_size": [64, 64],
	"textures": {
		"1": "block/custom/stool",
		"particle": "block/custom/gltf_embedded_0"
	},
	"elements": [
		{
			"from": [2, 0, 2],
			"to": [4, 16, 4],
			"faces": {
				"north": {"uv": [2.5, 0, 3, 4], "texture": "#1"},
				"east": {"uv": [3, 0, 3.5, 4], "texture": "#1"},
				"south": {"uv": [3.5, 0, 4, 4], "texture": "#1"},
				"west": {"uv": [4, 0, 4.5, 4], "texture": "#1"},
				"up": {"uv": [7.5, 3.5, 7, 3], "texture": "#1"},
				"down": {"uv": [7.5, 3.5, 7, 4], "texture": "#1"}
			}
		},
		{
			"from": [12, 0, 2],
			"to": [14, 16, 4],
			"faces": {
				"north": {"uv": [0.5, 5, 1, 9], "texture": "#1"},
				"east": {"uv": [1, 5, 1.5, 9], "texture": "#1"},
				"south": {"uv": [1.5, 5, 2, 9], "texture": "#1"},
				"west": {"uv": [2, 5, 2.5, 9], "texture": "#1"},
				"up": {"uv": [7.5, 7, 7, 6.5], "texture": "#1"},
				"down": {"uv": [7.5, 7, 7, 7.5], "texture": "#1"}
			}
		},
		{
			"from": [2, 0, 12],
			"to": [4, 16, 14],
			"faces": {
				"north": {"uv": [2.5, 4, 3, 8], "texture": "#1"},
				"east": {"uv": [3, 4, 3.5, 8], "texture": "#1"},
				"south": {"uv": [3.5, 4, 4, 8], "texture": "#1"},
				"west": {"uv": [4, 4, 4.5, 8], "texture": "#1"},
				"up": {"uv": [7.5, 6, 7, 5.5], "texture": "#1"},
				"down": {"uv": [6.5, 7, 6, 7.5], "texture": "#1"}
			}
		},
		{
			"from": [12, 0, 12],
			"to": [14, 16, 14],
			"faces": {
				"north": {"uv": [4.5, 0, 5, 4], "texture": "#1"},
				"east": {"uv": [4.5, 4, 5, 8], "texture": "#1"},
				"south": {"uv": [0, 5, 0.5, 9], "texture": "#1"},
				"west": {"uv": [5, 0, 5.5, 4], "texture": "#1"},
				"up": {"uv": [7.5, 6.5, 7, 6], "texture": "#1"},
				"down": {"uv": [7, 7, 6.5, 7.5], "texture": "#1"}
			}
		},
		{
			"from": [4, 8, 2],
			"to": [12, 10, 4],
			"faces": {
				"north": {"uv": [5.5, 0.5, 7, 1], "texture": "#1"},
				"east": {"uv": [7.5, 0.5, 8, 1], "texture": "#1"},
				"south": {"uv": [5.5, 1, 7, 1.5], "texture": "#1"},
				"west": {"uv": [7.5, 1, 8, 1.5], "texture": "#1"},
				"up": {"uv": [7, 2, 5.5, 1.5], "texture": "#1"},
				"down": {"uv": [7, 2, 5.5, 2.5], "texture": "#1"}
			}
		},
		{
			"from": [4, 8, 12],
			"to": [12, 10, 14],
			"faces": {
				"north": {"uv": [5.5, 2.5, 7, 3], "texture": "#1"},
				"east": {"uv": [7.5, 1.5, 8, 2], "texture": "#1"},
				"south": {"uv": [5.5, 3, 7, 3.5], "texture": "#1"},
				"west": {"uv": [7.5, 3, 8, 3.5], "texture": "#1"},
				"up": {"uv": [7, 4, 5.5, 3.5], "texture": "#1"},
				"down": {"uv": [6.5, 5.5, 5, 6], "texture": "#1"}
			}
		},
		{
			"from": [2, 8, 4],
			"to": [4, 10, 12],
			"faces": {
				"north": {"uv": [7.5, 3.5, 8, 4], "texture": "#1"},
				"east": {"uv": [5, 6, 6.5, 6.5], "texture": "#1"},
				"south": {"uv": [7.5, 4, 8, 4.5], "texture": "#1"},
				"west": {"uv": [5, 6.5, 6.5, 7], "texture": "#1"},
				"up": {"uv": [7, 7, 6.5, 5.5], "texture": "#1"},
				"down": {"uv": [7.5, 0.5, 7, 2], "texture": "#1"}
			}
		},
		{
			"from": [12, 8, 4],
			"to": [14, 10, 12],
			"faces": {
				"north": {"uv": [7.5, 4.5, 8, 5], "texture": "#1"},
				"east": {"uv": [7, 2, 8.5, 2.5], "texture": "#1"},
				"south": {"uv": [7.5, 5, 8, 5.5], "texture": "#1"},
				"west": {"uv": [7, 2.5, 8.5, 3], "texture": "#1"},
				"up": {"uv": [5.5, 8.5, 5, 7], "texture": "#1"},
				"down": {"uv": [6, 7, 5.5, 8.5], "texture": "#1"}
			}
		},
		{
			"from": [2, 16, 2],
			"to": [14, 18, 14],
			"faces": {
				"north": {"uv": [5, 4, 7.5, 4.5], "texture": "#1"},
				"east": {"uv": [5, 4.5, 7.5, 5], "texture": "#1"},
				"south": {"uv": [5, 5, 7.5, 5.5], "texture": "#1"},
				"west": {"uv": [5.5, 0, 8, 0.5], "texture": "#1"},
				"up": {"uv": [2.5, 2.5, 0, 0], "texture": "#1"},
				"down": {"uv": [2.5, 2.5, 0, 5], "texture": "#1"}
			}
		}
	],
	"display": {
		"thirdperson_righthand": {
			"scale": [0.5, 0.5, 0.5]
		},
		"thirdperson_lefthand": {
			"scale": [0.5, 0.5, 0.5]
		},
		"firstperson_righthand": {
			"scale": [0.5, 0.5, 0.5]
		},
		"firstperson_lefthand": {
			"scale": [0.5, 0.5, 0.5]
		},
		"ground": {
			"translation": [0, -1.75, 0],
			"scale": [0.3, 0.3, 0.3]
		},
		"head": {
			"translation": [0, -7.75, 0],
			"scale": [1.6, 1.6, 1.6]
		},
		"fixed": {
			"rotation": [-90, 0, 0],
			"translation": [0, 0, 18],
			"scale": [2, 2, 2]
		}
	}
}