{
  "model": {
    "type": "minecraft:range_dispatch",
    "property": "minecraft:custom_model_data",
    "entries": [
      {
        "threshold": 1,
        "model": {
          "type": "minecraft:model",
          "model": "arisecity:item/tree_token_spruce"
        }
      },
      {
        "threshold": 2,
        "model": {
          "type": "minecraft:model",
          "model": "arisecity:item/tree_token_oak"
        }
      },
      {
        "threshold": 3,
        "model": {
          "type": "minecraft:model",
          "model": "arisecity:item/tree_token_jungle"
        }
      },
      {
        "threshold": 4,
        "model": {
          "type": "minecraft:model",
          "model": "arisecity:item/tree_token_acacia"
        }
      },
      {
        "threshold": 5,
        "model": {
          "type": "minecraft:model",
          "model": "arisecity:item/tree_token_crimson"
        }
      },
      {
        "threshold": 6,
        "model": {
          "type": "minecraft:model",
          "model": "arisecity:item/tree_token_birch"
        }
      },
      {
        "threshold": 7,
        "model": {
          "type": "minecraft:model",
          "model": "arisecity:item/tree_token_dark_oak"
        }
      },
      {
        "threshold": 8,
        "model": {
          "type": "minecraft:model",
          "model": "arisecity:item/tree_token_mangrove"
        }
      },
      {
        "threshold": 9,
        "model": {
          "type": "minecraft:model",
          "model": "arisecity:item/tree_token_warped"
        }
      },
      {
        "threshold": 10,
        "model": {
          "type": "minecraft:model",
          "model": "arisecity:item/tree_token_cherry"
        }
      },
      {
        "threshold": 50,
        "model": {
          "type": "minecraft:model",
          "model": "arisecity:item/fish_token"
        }
      },
      {
        "threshold": 100,
        "model": {
          "type": "minecraft:model",
          "model": "arisecity:item/questpaper"
        }
      }
    ],
    "fallback": {
      "type": "minecraft:model",
      "model": "minecraft:item/paper"
    }
  }
}