{
  "parent": "minecraft:item/generated",
  "textures": {
    "layer0": "minecraft:item/cooked_beef"
  },
  "overrides": [
    {
      "predicate": {
        "custom_model_data": 1
      },
      "model": "minecraft:item/chicken_drum"
    },
    {
      "predicate": {
        "custom_model_data": 2
      },
      "model": "minecraft:item/kfc_bucket"
    },
    {
      "predicate": {
        "custom_model_data": 3
      },
      "model": "minecraft:item/cheeseburger"
    },
    {
      "predicate": {
        "custom_model_data": 4
      },
      "model": "minecraft:item/pizza"
    },
	{
      "predicate": {
        "custom_model_data": 5
      },
      "model": "minecraft:item/rm"
    }
  ]
}
