{
  "parent": "minecraft:item/generated",
  "textures": {
    "layer0": "minecraft:item/cookie"
  },
  "overrides": [
    {
      "predicate": {
        "custom_model_data": 1
      },
      "model": "minecraft:item/special_cookie"
    },
    {
      "predicate": {
        "custom_model_data": 2
      },
      "model": "minecraft:item/fortune_cookie"
    },
    {
      "predicate": {
        "custom_model_data": 3
      },
      "model": "minecraft:item/ice_cream"
    }
  ]
}
