{
    "parent": "minecraft:item/generated",
    "textures": {
      "layer0": "minecraft:item/dried_kelp"
    },
    "overrides": [
      {
        "predicate": {
          "custom_model_data": 1
        },
        "model": "minecraft:item/sushi"
      },
      {
        "predicate": {
          "custom_model_data": 2
        },
        "model": "minecraft:item/chips"
      },
      {
        "predicate": {
          "custom_model_data": 3
        },
        "model": "minecraft:item/chipspaprika"
      },
      {
        "predicate": {
          "custom_model_data": 4
        },
        "model": "minecraft:item/chocolate"
      }
    ]
  }