{
  "parent": "minecraft:item/generated",
  "textures": {
    "layer0": "minecraft:item/paper"
  },
  "overrides": [
    {
      "predicate": {
        "custom_model_data": 1
      },
      "model": "minecraft:item/tree_token_spruce"
    },
    {
      "predicate": {
        "custom_model_data": 2
      },
      "model": "minecraft:item/tree_token_oak"
    },
    {
      "predicate": {
        "custom_model_data": 3
      },
      "model": "minecraft:item/tree_token_jungle"
    },
    {
      "predicate": {
        "custom_model_data": 4
      },
      "model": "minecraft:item/tree_token_acacia"
    },
    {
      "predicate": {
        "custom_model_data": 5
      },
      "model": "minecraft:item/tree_token_crimson"
    },
    {
      "predicate": {
        "custom_model_data": 6
      },
      "model": "minecraft:item/tree_token_birch"
    },
    {
      "predicate": {
        "custom_model_data": 7
      },
      "model": "minecraft:item/tree_token_dark_oak"
    },
    {
      "predicate": {
        "custom_model_data": 8
      },
      "model": "minecraft:item/tree_token_mangrove"
    },
    {
      "predicate": {
        "custom_model_data": 9
      },
      "model": "minecraft:item/tree_token_warped"
    },
	{
      "predicate": {
        "custom_model_data": 10
      },
      "model": "minecraft:item/sensor"
    },
	{
      "predicate": {
        "custom_model_data": 11
      },
      "model": "minecraft:item/cpu"
    },
	{
      "predicate": {
        "custom_model_data": 12
      },
      "model": "minecraft:item/acircuit"
    },
	{
      "predicate": {
        "custom_model_data": 13
      },
      "model": "minecraft:item/circuit"
    },
	{
      "predicate": {
        "custom_model_data": 14
      },
      "model": "minecraft:item/copperwire"
    },
	{
      "predicate": {
        "custom_model_data": 15
      },
      "model": "minecraft:item/battery"
    },
	{
      "predicate": {
        "custom_model_data": 16
      },
      "model": "minecraft:item/crate"
    },
	{
      "predicate": {
        "custom_model_data": 17
      },
	  "model": "minecraft:item/passport"
    },
	{
      "predicate": {
        "custom_model_data": 18
      },
      "model": "minecraft:item/key"
    },
	{
      "predicate": {
        "custom_model_data": 19
      },
	  "model": "minecraft:item/bomb"
    },
	{
      "predicate": {
        "custom_model_data": 20
      },
	  "model": "minecraft:item/gun1"
    },
	{
      "predicate": {
        "custom_model_data": 21
      },
	  "model": "minecraft:item/gun2"
    },
	{
      "predicate": {
        "custom_model_data": 22
      },
	  "model": "minecraft:item/gun3"
    },
	{
      "predicate": {
        "custom_model_data": 23
      },
	  "model": "minecraft:item/ruby"
    },
	{
      "predicate": {
        "custom_model_data": 24
      },
	  "model": "minecraft:item/sapphire"
    },
	{
      "predicate": {
        "custom_model_data": 25
      },
	  "model": "minecraft:item/gs"
    },
	{
      "predicate": {
        "custom_model_data": 26
      },
	  "model": "minecraft:item/rs"
    },
	{
      "predicate": {
        "custom_model_data": 27
      },
	  "model": "minecraft:item/mushbook"
    },
	{
      "predicate": {
        "custom_model_data": 28
      },
	  "model": "minecraft:item/pass1"
    },
	{
      "predicate": {
        "custom_model_data": 29
      },
	  "model": "minecraft:item/present"
    }
  ]
}
