{
  "parent": "minecraft:item/generated",
  "textures": {
    "layer0": "minecraft:item/paper"
  },
  "overrides": [
    {
      "predicate": {
        "custom_model_data": 1
      },
      "model": "minecraft:item/tree_token_spruce"
    },
    {
      "predicate": {
        "custom_model_data": 2
      },
      "model": "minecraft:item/tree_token_oak"
    },
    {
      "predicate": {
        "custom_model_data": 3
      },
      "model": "minecraft:item/tree_token_jungle"
    },
    {
      "predicate": {
        "custom_model_data": 4
      },
      "model": "minecraft:item/tree_token_acacia"
    },
    {
      "predicate": {
        "custom_model_data": 5
      },
      "model": "minecraft:item/tree_token_crimson"
    },
    {
      "predicate": {
        "custom_model_data": 6
      },
      "model": "minecraft:item/tree_token_birch"
    },
    {
      "predicate": {
        "custom_model_data": 7
      },
      "model": "minecraft:item/tree_token_dark_oak"
    },
    {
      "predicate": {
        "custom_model_data": 8
      },
      "model": "minecraft:item/tree_token_mangrove"
    },
    {
      "predicate": {
        "custom_model_data": 9
      },
      "model": "minecraft:item/tree_token_warped"
    },
    {
      "predicate": {
        "custom_model_data": 10
      },
      "model": "minecraft:item/tree_token_cherry"
    }
  ]
}
