{
  "parent": "minecraft:item/generated",
  "textures": {
    "layer0": "minecraft:item/pumpkin_pie"
  },
  "overrides": [
    {
      "predicate": {
        "custom_model_data": 1
      },
      "model": "minecraft:item/pizza1"
    },
    {
      "predicate": {
        "custom_model_data": 2
      },
      "model": "minecraft:item/pizza2"
    },
    {
      "predicate": {
        "custom_model_data": 3
      },
      "model": "minecraft:item/pizza3"
    },
    {
      "predicate": {
        "custom_model_data": 4
      },
      "model": "minecraft:item/pizza4"
    },
    {
      "predicate": {
        "custom_model_data": 5
      },
      "model": "minecraft:item/pizza5"
    },
    {
      "predicate": {
        "custom_model_data": 6
      },
      "model": "minecraft:item/pizza6"
    },
    {
      "predicate": {
        "custom_model_data": 7
      },
      "model": "minecraft:item/pizza7"
    }
  ]
}
